{
  "epoch_f1": {
    "0": 0.6310284400335248,
    "1": 0.691564090270465,
    "2": 0.7213239067518897,
    "3": 0.7374114337420513,
    "4": 0.7377516827367316,
    "5": 0.755007560392792,
    "6": 0.7444446919769371,
    "7": 0.7403900019787673,
    "8": 0.7316321760360341,
    "9": 0.730784283973309,
    "10": 0.7350300010791896,
    "11": 0.7431218550514264,
    "12": 0.7459111888965423,
    "13": 0.7581995008126068,
    "14": 0.7501072703602016,
    "15": 0.7587348663091119,
    "16": 0.7429894706035945,
    "17": 0.7621093508197849,
    "18": 0.7514103731493139,
    "19": 0.7209966747845209,
    "20": 0.7510768145576513,
    "21": 0.7606562281087119,
    "22": 0.7104288458826645,
    "23": 0.7702892787527637,
    "24": 0.7655754187875743,
    "25": 0.6947568942667979,
    "26": 0.7643040360696269,
    "27": 0.7610249178134709,
    "28": 0.7795387035986389,
    "29": 0.7352533472343767,
    "30": 0.7818164191465117,
    "31": 0.7670928970460207,
    "32": 0.7204971645005493,
    "33": 0.733075580392166,
    "34": 0.7768624855196199,
    "35": 0.7653232131733521,
    "36": 0.7835832072561499,
    "37": 0.7284289083267622,
    "38": 0.7277273387405521,
    "39": 0.7598827663524603,
    "40": 0.7516175259901865,
    "41": 0.7333818816958974,
    "42": 0.7830310410300664,
    "43": 0.7668928477176146,
    "44": 0.772499852190947,
    "45": 0.7217843283789961,
    "46": 0.7808151573463139,
    "47": 0.7750569939429278,
    "48": 0.7073967928492406,
    "49": 0.710445954575075,
    "50": 0.7473615053638141,
    "51": 0.7094962840165244,
    "52": 0.780287407244778,
    "53": 0.7583770638673667,
    "54": 0.7288222814235354,
    "55": 0.7523174401551525,
    "56": 0.7641821355676981,
    "57": 0.6310347192183711,
    "58": 0.7262195453289407,
    "59": 0.7543946683027546,
    "60": 0.7782280009345358,
    "61": 0.7331717057000666,
    "62": 0.7525557516251042,
    "63": 0.6304513556491698,
    "64": 0.7119087288413312,
    "65": 0.7706259171953271,
    "66": 0.7112805474489325,
    "67": 0.7302561305467152,
    "68": 0.6159135720280272,
    "69": 0.6240276328215726,
    "70": 0.7830523950022221,
    "71": 0.7623049202053379,
    "72": 0.7390868804731642,
    "73": 0.7711848621077333,
    "74": 0.7632148021302895,
    "75": 0.7274449176208914,
    "76": 0.7758177574063927,
    "77": 0.6162005322287539,
    "78": 0.7591656142602261,
    "79": 0.7650502640447862,
    "80": 0.7615889470627375,
    "81": 0.6474783685637945,
    "82": 0.741489838830165,
    "83": 0.7698155364454862,
    "84": 0.7445985394592554,
    "85": 0.7342281778232993,
    "86": 0.7126707420294146,
    "87": 0.6472939721040821,
    "88": 0.744065413115998,
    "89": 0.7479923205628879,
    "90": 0.7022400570473727,
    "91": 0.7173594098175107,
    "92": 0.7708713481564551,
    "93": 0.7638515079566253,
    "94": 0.7657589420479295,
    "95": 0.759051528571064,
    "96": 0.7603608028714162,
    "97": 0.7538476927078696,
    "98": 0.7500536115633067,
    "99": 0.764575959278391,
    "100": 0.7559008493793948,
    "101": 0.7645893821055825,
    "102": 0.740358902282864,
    "103": 0.7559480755403103,
    "104": 0.7489854856233946,
    "105": 0.791269394335256,
    "106": 0.7535707012680685,
    "107": 0.7280212355224756,
    "108": 0.7576193759080035,
    "109": 0.7400302755914739,
    "110": 0.7519159569812143,
    "111": 0.7389717559478258,
    "112": 0.7649232592416395,
    "113": 0.7285582920268494,
    "114": 0.759767124567098,
    "115": 0.7709966021427795,
    "116": 0.7694005720699242,
    "117": 0.7558566020879255,
    "118": 0.7679650787776745,
    "119": 0.7500021739040147,
    "120": 0.7004764679187527,
    "121": 0.7721000314081411,
    "122": 0.750565959471418,
    "123": 0.7489008853781354,
    "124": 0.7577424959512472,
    "125": 0.7680843417581142,
    "126": 0.7743853848712032,
    "127": 0.6154687424579196,
    "128": 0.7819784504826258,
    "129": 0.7009419436063972,
    "130": 0.7265006922971657,
    "131": 0.7633050872501421,
    "132": 0.7493903768208215,
    "133": 0.7252539227064376,
    "134": 0.7759044195200328,
    "135": 0.7888697156331161,
    "136": 0.6945397361998628,
    "137": 0.7654540527602594,
    "138": 0.7760876548647101,
    "139": 0.645134557066739,
    "140": 0.747575940110378,
    "141": 0.6914450165233568,
    "142": 0.7697430310052509,
    "143": 0.7478210520836032,
    "144": 0.7645437723380564,
    "145": 0.7560373108403933,
    "146": 0.7865708068275324,
    "147": 0.7280560127289688,
    "148": 0.7388614959406454,
    "149": 0.7809366453266875,
    "150": 0.7608826265749241,
    "151": 0.7367299501863118,
    "152": 0.7493128739899604,
    "153": 0.764111793669893,
    "154": 0.6744066767525557,
    "155": 0.738318481699844,
    "156": 0.7315510403207652,
    "157": 0.7229640948904518,
    "158": 0.777716287671061,
    "159": 0.7728695884561533,
    "160": 0.7343689399356437,
    "161": 0.7126414012108198,
    "162": 0.7878710823789776,
    "163": 0.7683650827497508,
    "164": 0.652849479466929,
    "165": 0.754881901644644,
    "166": 0.7516999788628189,
    "167": 0.765349019088516,
    "168": 0.7405628191810153,
    "169": 0.7745495350084066,
    "170": 0.7656093129931293,
    "171": 0.7506174119195815,
    "172": 0.7244209888551509,
    "173": 0.7671035300830847,
    "174": 0.7409297468576014,
    "175": 0.7668955745714191,
    "176": 0.6878475293862433,
    "177": 0.7579798502117222,
    "178": 0.7718705042796271,
    "179": 0.7632790413812652,
    "180": 0.7609790861489301,
    "181": 0.7438443972147113,
    "182": 0.7703963071230037,
    "183": 0.7729921678341996,
    "184": 0.7398695076975773,
    "185": 0.6822328515736789,
    "186": 0.7714867182608628,
    "187": 0.7603332008641396,
    "188": 0.7044191248744583,
    "189": 0.7731131938418201,
    "190": 0.7527247405890184,
    "191": 0.6796866893127543,
    "192": 0.7577986798638758,
    "193": 0.7794140829838297,
    "194": 0.7552442108986474,
    "195": 0.776443480731725,
    "196": 0.7497002127904082,
    "197": 0.7769134891809147,
    "198": 0.7467952732715684,
    "199": 0.7649697493926507
  },
  "best_f1": 0.791269394335256,
  "best_epoch": 105
}